INSERT INTO candidates (cand_id, name, email, experience)
VALUES ('C1', 'John Smith', 'john.smith@email.com', 3),
       ('C2', 'Alice Johnson', 'alice.j@email.com', 5),
       ('C3', 'Michael Brown', 'michael.b@email.com', 2),
       ('C4', 'Emily Davis', 'emily.d@email.com', 4),
       ('C5', 'David Wilson', 'david.w@email.com', 6),
       ('C6', 'Chris Martin', 'chris.m@email.com', 1),
       ('C7', 'Sophia Lee', 'sophia.l@email.com', 3),
       ('C8', 'Daniel Garcia', 'daniel.g@email.com', 7),
       ('C9', 'Olivia Martinez', 'olivia.m@email.com', 2),
       ('C10', 'James Anderson', 'james.a@email.com', 5);

INSERT INTO companies (company_id, name, industry)
VALUES ('CP1', 'TechSoft', 'Software'),
       ('CP2', 'DataCorp', 'Analytics'),
       ('CP3', 'FinGroup', 'Finance'),
       ('CP4', 'HealthPlus', 'Healthcare'),
       ('CP5', 'AutoDrive', 'Automotive'),
       ('CP6', 'ShopEase', 'E-commerce'),
       ('CP7', 'EduSmart', 'Education'),
       ('CP8', 'GameWorld', 'Entertainment'),
       ('CP9', 'SecureIT', 'Cybersecurity'),
       ('CP10', 'CloudNet', 'Cloud Services');

INSERT INTO jobs (job_id, title, description, salary, status, company_id)
VALUES ('J1', 'Backend Developer', 'Build REST APIs', 1200, 'OPEN', 'CP1'),
       ('J2', 'Data Scientist', 'Analyze data and build models', 1500, 'OPEN', 'CP2'),
       ('J3', 'Fullstack Developer', 'Frontend and backend work', 1300, 'CLOSED', 'CP1'),
       ('J4', 'Database Engineer', 'Design database systems', 1400, 'OPEN', 'CP3'),
       ('J5', 'DevOps Engineer', 'CI/CD and deployment', 1600, 'OPEN', 'CP4'),
       ('J6', 'Frontend Developer', 'UI development', 1100, 'CLOSED', 'CP5'),
       ('J7', 'ML Engineer', 'Deploy ML models', 1700, 'OPEN', 'CP6'),
       ('J8', 'System Analyst', 'System requirement analysis', 1250, 'OPEN', 'CP7'),
       ('J9', 'QA Engineer', 'Testing software systems', 1000, 'CLOSED', 'CP8'),
       ('J10', 'Cloud Engineer', 'Cloud infrastructure management', 1800, 'OPEN', 'CP10');

INSERT INTO skills (skill_id, name)
VALUES ('S1', 'Java'),
       ('S2', 'Python'),
       ('S3', 'Neo4j'),
       ('S4', 'Spring Boot'),
       ('S5', 'Machine Learning'),
       ('S6', 'SQL'),
       ('S7', 'JavaScript'),
       ('S8', 'React'),
       ('S9', 'Docker'),
       ('S10', 'AWS');

INSERT INTO applications (candidate_id, job_id, appliedDate, status)
VALUES ('C1', 'J1', '2025-01-10', 'PENDING'),
       ('C1', 'J2', '2025-01-12', 'REJECTED'),
       ('C2', 'J2', '2025-01-15', 'ACCEPTED'),
       ('C2', 'J5', '2025-01-18', 'PENDING'),
       ('C3', 'J1', '2025-01-20', 'PENDING'),
       ('C3', 'J4', '2025-01-22', 'REJECTED'),
       ('C4', 'J3', '2025-01-05', 'ACCEPTED'),
       ('C4', 'J2', '2025-01-25', 'PENDING'),
       ('C5', 'J4', '2025-01-28', 'ACCEPTED'),
       ('C5', 'J1', '2025-02-01', 'REJECTED'),
       ('C6', 'J6', '2025-02-02', 'PENDING'),
       ('C7', 'J7', '2025-02-03', 'ACCEPTED'),
       ('C8', 'J10', '2025-02-04', 'PENDING'),
       ('C8', 'J5', '2025-02-05', 'REJECTED'),
       ('C9', 'J8', '2025-02-06', 'PENDING'),
       ('C9', 'J4', '2025-02-07', 'ACCEPTED'),
       ('C10', 'J1', '2025-02-08', 'PENDING'),
       ('C10', 'J3', '2025-02-10', 'REJECTED');

INSERT INTO candidates_skills (candidate_id, skill_id)
VALUES ('C1', 'S1'),
       ('C1', 'S4'),
       ('C1', 'S6'),
       ('C2', 'S2'),
       ('C2', 'S5'),
       ('C2', 'S10'),
       ('C3', 'S1'),
       ('C3', 'S6'),
       ('C4', 'S2'),
       ('C4', 'S3'),
       ('C4', 'S7'),
       ('C5', 'S1'),
       ('C5', 'S3'),
       ('C5', 'S9'),
       ('C6', 'S7'),
       ('C6', 'S8'),
       ('C7', 'S2'),
       ('C7', 'S5'),
       ('C8', 'S1'),
       ('C8', 'S9'),
       ('C8', 'S10'),
       ('C9', 'S6'),
       ('C9', 'S3'),
       ('C10', 'S4'),
       ('C10', 'S1');

INSERT INTO jobs_skills (job_id, skill_id)
VALUES ('J1', 'S1'),
       ('J1', 'S4'),
       ('J2', 'S2'),
       ('J2', 'S5'),
       ('J3', 'S1'),
       ('J3', 'S7'),
       ('J4', 'S3'),
       ('J4', 'S6'),
       ('J5', 'S9'),
       ('J5', 'S10'),
       ('J6', 'S7'),
       ('J6', 'S8'),
       ('J7', 'S5'),
       ('J7', 'S2'),
       ('J8', 'S6'),
       ('J9', 'S6'),
       ('J9', 'S1'),
       ('J10', 'S10'),
       ('J10', 'S9');

